"","Equation","Chisq","pVal_Chisq","ChisqRobust","pVal_ChisqRobust"
"1","illnessratio",28.0885803671565,0.000211911578484006,28.0885803671565,0.000211911578484006
"2","illnessday",28.0885803671565,0.000211911578484006,28.0885803671565,0.000211911578484006
"3","chronicratio",28.0885803671565,0.000211911578484006,28.0885803671565,0.000211911578484006
