"","Equation","Chisq","pVal_Chisq","ChisqRobust","pVal_ChisqRobust"
"1","illnessratio",0.740728832737998,0.998002850112612,0.740728832737998,0.998002850112612
"2","illnessday",0.740728832737998,0.998002850112612,0.740728832737998,0.998002850112612
"3","chronicratio",0.740728832737998,0.998002850112612,0.740728832737998,0.998002850112612
