"","Equation","Chisq","pVal_Chisq","ChisqRobust","pVal_ChisqRobust"
"1","illnessratio",1.03438868691672,0.994254560681766,1.03438868691672,0.994254560681766
"2","illnessday",35.2579733120478,1.00024396688284e-05,35.2579733120478,1.00024396688284e-05
"3","chronicratio",14.5241483171418,0.0426065826874393,14.5241483171418,0.0426065826874393
