"","Equation","Chisq","pVal_Chisq","ChisqRobust","pVal_ChisqRobust"
"1","illnessratio",17.4363050938555,0.00374252094061179,17.4363050938555,0.00374252094061179
"2","illnessday",20.6322996386079,0.00037449993583088,20.6322996386079,0.00037449993583088
"3","chronicratio",88.1102271716157,3.02200493520021e-16,88.1102271716157,3.02200493520021e-16
