"","IndicatorName","illnessratio","illnessday","chronicratio"
"1","income",1.43924809966339,1.16435347935269,1.84672666029078
"2","edu",2.2526191949011,1.55361147590008,4.39608073606512
"14","urban",NA,NA,3.30531531162811
"5","male",NA,NA,1.70917327779444
"6","age65",1.94920987962488,NA,2.28466716404913
"10","bedday",1.0817749521233,1.0723780945019,1.15350845921867
"11","permedicost",1.80052927910567,1.79914068283232,1.85441626969749
"12","perhospitalcost",NA,NA,3.35318641218886
