"","Equation","Chisq","pVal_Chisq","ChisqRobust","pVal_ChisqRobust"
"1","OUTP1M_RATIO",101.813899364774,7.37900593463141e-16,101.813899364774,7.37900593463141e-16
"2","CHRONIC_RATIO",101.813899364774,7.37900593463141e-16,101.813899364774,7.37900593463141e-16
