"","Equation","Chisq","pVal_Chisq","ChisqRobust","pVal_ChisqRobust"
"1","OUTP1M_RATIO",62.1745481046025,1.62564487832441e-11,62.1745481046025,1.62564487832441e-11
"2","CHRONIC_RATIO",62.1745481046025,1.62564487832441e-11,62.1745481046025,1.62564487832441e-11
