"","Equation","Chisq","pVal_Chisq","ChisqRobust","pVal_ChisqRobust"
"1","OUTP1M_RATIO",24.1635066775408,0.0120612058646578,24.1635066775408,0.0120612058646578
"2","CHRONIC_RATIO",673.00193184044,2.02221817322351e-135,673.00193184044,2.02221817322351e-135
