"","Equation","Chisq","pVal_Chisq","ChisqRobust","pVal_ChisqRobust"
"1","OUTP1M_RATIO",1.98704616713511,0.920886098634625,1.98704616713511,0.920886098634625
"2","CHRONIC_RATIO",219.373660536062,1.41518178345496e-44,219.373660536062,1.41518178345496e-44
